{
 "version": "auto-py-to-exe-configuration_v1",
 "pyinstallerOptions": [
  {
   "optionDest": "noconfirm",
   "value": true
  },
  {
   "optionDest": "filenames",
   "value": "/Users/marcel/Desktop/Studium/4.Semester/Logik Programmierung/Teamprojekt/GIT/verse_console.py"
  },
  {
   "optionDest": "onefile",
   "value": false
  },
  {
   "optionDest": "console",
   "value": true
  },
  {
   "optionDest": "ascii",
   "value": false
  },
  {
   "optionDest": "clean_build",
   "value": false
  },
  {
   "optionDest": "strip",
   "value": false
  },
  {
   "optionDest": "noupx",
   "value": false
  },
  {
   "optionDest": "disable_windowed_traceback",
   "value": false
  },
  {
   "optionDest": "embed_manifest",
   "value": true
  },
  {
   "optionDest": "uac_admin",
   "value": false
  },
  {
   "optionDest": "uac_uiaccess",
   "value": false
  },
  {
   "optionDest": "win_private_assemblies",
   "value": false
  },
  {
   "optionDest": "win_no_prefer_redirects",
   "value": false
  },
  {
   "optionDest": "bootloader_ignore_signals",
   "value": false
  },
  {
   "optionDest": "argv_emulation",
   "value": false
  },
  {
   "optionDest": "datas",
   "value": "/Users/marcel/Desktop/Studium/4.Semester/Logik Programmierung/Teamprojekt/GIT/modules/syntaxtree:syntaxtree/"
  },
  {
   "optionDest": "datas",
   "value": "/Users/marcel/Desktop/Studium/4.Semester/Logik Programmierung/Teamprojekt/GIT/modules/structure:structure/"
  },
  {
   "optionDest": "datas",
   "value": "/Users/marcel/Desktop/Studium/4.Semester/Logik Programmierung/Teamprojekt/GIT/modules/verse_lexer:verse_lexer/"
  },
  {
   "optionDest": "datas",
   "value": "/Users/marcel/Desktop/Studium/4.Semester/Logik Programmierung/Teamprojekt/GIT/modules/verse_interpreter:verse_interpreter/"
  },
  {
   "optionDest": "datas",
   "value": "/Users/marcel/Desktop/Studium/4.Semester/Logik Programmierung/Teamprojekt/GIT/modules/verse_parser:verse_parser/"
  }
 ],
 "nonPyinstallerOptions": {
  "increaseRecursionLimit": true,
  "manualArguments": ""
 }
}